series_name,current_value,mom_1m,mom_3m,mom_6m,mom_12m,acceleration_3m,trend_slope_6m,above_ma50,above_ma200,regime,momentum_series,acceleration_series,data
GDPC1,23528.047,-0.06075009762195327,1.3096031304983713,3.2795583920992133,7.415121086019116,-0.8106955047006759,-14.30199999999968,False,False,Neutral,"2015-04-01          NaN
2015-07-01          NaN
2015-10-01          NaN
2016-01-01     1.168375
2016-04-01     1.088649
2016-07-01     1.618297
2016-10-01     1.592816
2017-01-01     1.760684
2017-04-01     1.609605
2017-07-01     1.846288
2017-10-01     2.495105
2018-01-01     2.753521
2018-04-01     2.490798
2018-07-01     1.980661
2018-10-01     1.301118
2019-01-01     1.395327
2019-04-01     1.608397
2019-07-01     2.651817
2019-10-01     2.710536
2020-01-01     0.441519
2020-04-01    -8.572074
2020-07-01    -2.080751
2020-10-01     0.379124
2021-01-01    10.504288
2021-04-01     4.088863
2021-07-01     3.850096
2021-10-01     4.283373
2022-01-01     2.407054
2022-04-01     1.612323
2022-07-01     0.484491
2022-10-01     1.577846
2023-01-01     2.209079
2023-04-01     2.141835
2023-07-01     2.388705
2023-10-01     2.486962
2024-01-01     2.281013
2024-04-01     1.944490
2024-07-01     1.914994
2024-10-01     2.120299
2025-01-01     1.309603
Name: GDPC1, dtype: float64","2015-04-01          NaN
2015-07-01          NaN
2015-10-01          NaN
2016-01-01          NaN
2016-04-01    -0.079726
2016-07-01     0.529648
2016-10-01    -0.025481
2017-01-01     0.167867
2017-04-01    -0.151078
2017-07-01     0.236683
2017-10-01     0.648817
2018-01-01     0.258416
2018-04-01    -0.262723
2018-07-01    -0.510137
2018-10-01    -0.679544
2019-01-01     0.094209
2019-04-01     0.213070
2019-07-01     1.043420
2019-10-01     0.058720
2020-01-01    -2.269017
2020-04-01    -9.013593
2020-07-01     6.491323
2020-10-01     2.459875
2021-01-01    10.125165
2021-04-01    -6.415425
2021-07-01    -0.238767
2021-10-01     0.433278
2022-01-01    -1.876319
2022-04-01    -0.794731
2022-07-01    -1.127833
2022-10-01     1.093355
2023-01-01     0.631233
2023-04-01    -0.067245
2023-07-01     0.246871
2023-10-01     0.098257
2024-01-01    -0.205950
2024-04-01    -0.336523
2024-07-01    -0.029497
2024-10-01     0.205305
2025-01-01    -0.810696
Name: GDPC1, dtype: float64","2015-04-01    18782.243
2015-07-01    18857.418
2015-10-01    18892.206
2016-01-01    19001.690
2016-04-01    19062.709
2016-07-01    19197.938
2016-10-01    19304.352
2017-01-01    19398.343
2017-04-01    19506.949
2017-07-01    19660.766
2017-10-01    19882.352
2018-01-01    20044.077
2018-04-01    20150.476
2018-07-01    20276.154
2018-10-01    20304.874
2019-01-01    20431.641
2019-04-01    20602.275
2019-07-01    20843.322
2019-10-01    20985.448
2020-01-01    20693.238
2020-04-01    19056.617
2020-07-01    20548.793
2020-10-01    20771.691
2021-01-01    21058.379
2021-04-01    21389.005
2021-07-01    21571.421
2021-10-01    21960.388
2022-01-01    21903.850
2022-04-01    21919.222
2022-07-01    22066.784
2022-10-01    22249.459
2023-01-01    22403.435
2023-04-01    22539.418
2023-07-01    22780.933
2023-10-01    22960.600
2024-01-01    23053.545
2024-04-01    23223.906
2024-07-01    23400.294
2024-10-01    23542.349
2025-01-01    23528.047
Name: GDPC1, dtype: float64"
UNRATE,4.2,0.0,2.4390243902439046,0.0,5.000000000000004,1.6066589237320998,0.03428571428571439,True,False,Neutral,"2015-06-01         NaN
2015-07-01         NaN
2015-08-01         NaN
2015-09-01   -5.660377
2015-10-01   -3.846154
                ...   
2025-01-01   -2.439024
2025-02-01   -2.380952
2025-03-01    2.439024
2025-04-01    5.000000
2025-05-01    2.439024
Name: UNRATE, Length: 120, dtype: float64","2015-06-01         NaN
2015-07-01         NaN
2015-08-01         NaN
2015-09-01         NaN
2015-10-01    1.814224
                ...   
2025-01-01   -2.439024
2025-02-01    0.058072
2025-03-01    4.819977
2025-04-01    2.560976
2025-05-01   -2.560976
Name: UNRATE, Length: 120, dtype: float64","2015-06-01    5.3
2015-07-01    5.2
2015-08-01    5.1
2015-09-01    5.0
2015-10-01    5.0
             ... 
2025-01-01    4.0
2025-02-01    4.1
2025-03-01    4.2
2025-04-01    4.2
2025-05-01    4.2
Name: UNRATE, Length: 120, dtype: float64"
CPIAUCSL,320.58,0.08085639093282637,0.25173950433898806,1.305423622763846,2.3759340869898393,-0.2664329118767202,0.5265714285714271,True,False,Neutral,"2015-06-01         NaN
2015-07-01         NaN
2015-08-01         NaN
2015-09-01   -0.066903
2015-10-01   -0.126453
                ...   
2025-01-01    1.116097
2025-02-01    1.051038
2025-03-01    0.633495
2025-04-01    0.387043
2025-05-01    0.251740
Name: CPIAUCSL, Length: 120, dtype: float64","2015-06-01         NaN
2015-07-01         NaN
2015-08-01         NaN
2015-09-01         NaN
2015-10-01   -0.059549
                ...   
2025-01-01    0.242033
2025-02-01   -0.065059
2025-03-01   -0.417543
2025-04-01   -0.246452
2025-05-01   -0.135303
Name: CPIAUCSL, Length: 120, dtype: float64","2015-06-01    237.657
2015-07-01    238.034
2015-08-01    238.033
2015-09-01    237.498
2015-10-01    237.733
               ...   
2025-01-01    319.086
2025-02-01    319.775
2025-03-01    319.615
2025-04-01    320.321
2025-05-01    320.580
Name: CPIAUCSL, Length: 120, dtype: float64"
CPILFESL,326.854,0.12989002236314384,0.4236884553344922,1.31269392069282,2.7671488714145154,-0.15385542929218232,0.658485714285715,True,False,Neutral,"2015-06-01         NaN
2015-07-01         NaN
2015-08-01         NaN
2015-09-01    0.517219
2015-10-01    0.495950
                ...   
2025-01-01    0.948435
2025-02-01    0.885255
2025-03-01    0.730909
2025-04-01    0.520726
2025-05-01    0.423688
Name: CPILFESL, Length: 120, dtype: float64","2015-06-01         NaN
2015-07-01         NaN
2015-08-01         NaN
2015-09-01         NaN
2015-10-01   -0.021269
                ...   
2025-01-01    0.181374
2025-02-01   -0.063180
2025-03-01   -0.154346
2025-04-01   -0.210183
2025-05-01   -0.097037
Name: CPILFESL, Length: 120, dtype: float64","2015-06-01    242.064
2015-07-01    242.565
2015-08-01    242.817
2015-09-01    243.316
2015-10-01    243.768
               ...   
2025-01-01    324.739
2025-02-01    325.475
2025-03-01    325.659
2025-04-01    326.430
2025-05-01    326.854
Name: CPILFESL, Length: 120, dtype: float64"
PCEPI,125.88,0.10019562002003823,0.528677985593129,1.29964189433871,2.1471347193144696,-0.0794104806133955,0.3108857142857135,True,False,Neutral,"2015-06-01         NaN
2015-07-01         NaN
2015-08-01         NaN
2015-09-01   -0.039993
2015-10-01   -0.131141
                ...   
2024-12-01    0.669684
2025-01-01    0.766909
2025-02-01    1.077179
2025-03-01    0.789459
2025-04-01    0.528678
Name: PCEPI, Length: 119, dtype: float64","2015-06-01         NaN
2015-07-01         NaN
2015-08-01         NaN
2015-09-01         NaN
2015-10-01   -0.091147
                ...   
2024-12-01    0.126553
2025-01-01    0.097225
2025-02-01    0.310270
2025-03-01   -0.287720
2025-04-01   -0.260781
Name: PCEPI, Length: 119, dtype: float64","2015-06-01     97.516
2015-07-01     97.605
2015-08-01     97.612
2015-09-01     97.477
2015-10-01     97.477
               ...   
2024-12-01    124.769
2025-01-01    125.218
2025-02-01    125.739
2025-03-01    125.754
2025-04-01    125.880
Name: PCEPI, Length: 119, dtype: float64"
PCEPILFE,125.221,0.11592951485497327,0.6729161306920473,1.3155872001294533,2.522515146553128,0.011513597294617503,0.32545714285714344,True,False,Neutral,"2015-06-01         NaN
2015-07-01         NaN
2015-08-01         NaN
2015-09-01    0.324106
2015-10-01    0.257790
                ...   
2024-12-01    0.605352
2025-01-01    0.638375
2025-02-01    1.007145
2025-03-01    0.884014
2025-04-01    0.672916
Name: PCEPILFE, Length: 119, dtype: float64","2015-06-01         NaN
2015-07-01         NaN
2015-08-01         NaN
2015-09-01         NaN
2015-10-01   -0.066315
                ...   
2024-12-01   -0.037311
2025-01-01    0.033023
2025-02-01    0.368770
2025-03-01   -0.123132
2025-04-01   -0.211097
Name: PCEPILFE, Length: 119, dtype: float64","2015-06-01     96.882
2015-07-01     96.978
2015-08-01     97.056
2015-09-01     97.196
2015-10-01     97.228
               ...   
2024-12-01    123.980
2025-01-01    124.384
2025-02-01    124.962
2025-03-01    125.076
2025-04-01    125.221
Name: PCEPILFE, Length: 119, dtype: float64"
FEDFUNDS,4.33,0.0,0.0,-6.681034482758608,-18.761726078799246,2.2270114942528694,-0.021428571428571477,True,False,Neutral,"2015-06-01          NaN
2015-07-01          NaN
2015-08-01          NaN
2015-09-01     7.692308
2015-10-01    -7.692308
                ...    
2025-01-01   -10.351967
2025-02-01    -6.681034
2025-03-01    -3.348214
2025-04-01     0.000000
2025-05-01     0.000000
Name: FEDFUNDS, Length: 120, dtype: float64","2015-06-01          NaN
2015-07-01          NaN
2015-08-01          NaN
2015-09-01          NaN
2015-10-01   -15.384615
                ...    
2025-01-01     2.318598
2025-02-01     3.670932
2025-03-01     3.332820
2025-04-01     3.348214
2025-05-01     0.000000
Name: FEDFUNDS, Length: 120, dtype: float64","2015-06-01    0.13
2015-07-01    0.13
2015-08-01    0.14
2015-09-01    0.14
2015-10-01    0.12
              ... 
2025-01-01    4.33
2025-02-01    4.33
2025-03-01    4.33
2025-04-01    4.33
2025-05-01    4.33
Name: FEDFUNDS, Length: 120, dtype: float64"
DGS2,3.84,-1.538461538461544,-2.5380710659898553,-1.538461538461544,-0.7751937984496138,-0.004855518128535896,-0.0040571326314098,False,False,Bear,"2015-06-29         NaN
2015-06-30         NaN
2015-07-01         NaN
2015-07-02    0.000000
2015-07-06   -6.250000
                ...   
2025-06-16    0.761421
2025-06-17    1.025641
2025-06-18   -0.505051
2025-06-20   -1.763224
2025-06-23   -2.538071
Name: DGS2, Length: 2496, dtype: float64","2015-06-29         NaN
2015-06-30         NaN
2015-07-01         NaN
2015-07-02         NaN
2015-07-06   -6.250000
                ...   
2025-06-16    2.008304
2025-06-17    0.264220
2025-06-18   -1.530692
2025-06-20   -1.258174
2025-06-23   -0.774847
Name: DGS2, Length: 2496, dtype: float64","2015-06-29    0.64
2015-06-30    0.64
2015-07-01    0.69
2015-07-02    0.64
2015-07-06    0.60
              ... 
2025-06-16    3.97
2025-06-17    3.94
2025-06-18    3.94
2025-06-20    3.90
2025-06-23    3.84
Name: DGS2, Length: 2496, dtype: float64"
DGS10,4.34,-0.91324200913242,-1.1389521640091105,-0.4587155963302836,-0.6864988558352492,0.028415237292036023,-0.0017455326328706187,False,True,Neutral,"2015-06-29         NaN
2015-06-30         NaN
2015-07-01         NaN
2015-07-02    3.004292
2015-07-06   -2.127660
                ...   
2025-06-16    1.133787
2025-06-17    0.688073
2025-06-18   -0.680272
2025-06-20   -1.793722
2025-06-23   -1.138952
Name: DGS10, Length: 2496, dtype: float64","2015-06-29         NaN
2015-06-30         NaN
2015-07-01         NaN
2015-07-02         NaN
2015-07-06   -5.131951
                ...   
2025-06-16    2.476069
2025-06-17   -0.445713
2025-06-18   -1.368346
2025-06-20   -1.113450
2025-06-23    0.654770
Name: DGS10, Length: 2496, dtype: float64","2015-06-29    2.33
2015-06-30    2.35
2015-07-01    2.43
2015-07-02    2.40
2015-07-06    2.30
              ... 
2025-06-16    4.46
2025-06-17    4.39
2025-06-18    4.38
2025-06-20    4.38
2025-06-23    4.34
Name: DGS10, Length: 2496, dtype: float64"
T10Y2Y,0.55,10.000000000000009,25.0,22.222222222222232,14.583333333333348,0.5708294501397951,0.0023180458624127618,True,True,Bull,"2015-06-29          NaN
2015-06-30          NaN
2015-07-01          NaN
2015-07-02     4.142012
2015-07-06    -0.584795
                ...    
2025-06-17    -2.173913
2025-06-18    -2.222222
2025-06-20    -2.040816
2025-06-23    11.111111
2025-06-24    25.000000
Name: T10Y2Y, Length: 2497, dtype: float64","2015-06-29          NaN
2015-06-30          NaN
2015-07-01          NaN
2015-07-02          NaN
2015-07-06    -4.726807
                ...    
2025-06-17    -6.429232
2025-06-18    -0.048309
2025-06-20     0.181406
2025-06-23    13.151927
2025-06-24    13.888889
Name: T10Y2Y, Length: 2497, dtype: float64","2015-06-29    1.69
2015-06-30    1.71
2015-07-01    1.74
2015-07-02    1.76
2015-07-06    1.70
              ... 
2025-06-17    0.45
2025-06-18    0.44
2025-06-20    0.48
2025-06-23    0.50
2025-06-24    0.55
Name: T10Y2Y, Length: 2497, dtype: float64"
DFEDTARU,4.5,0.0,0.0,0.0,0.0,0.0,0.0,False,False,Neutral,"2015-06-28    NaN
2015-06-29    NaN
2015-06-30    NaN
2015-07-01    0.0
2015-07-02    0.0
             ... 
2025-06-20    0.0
2025-06-21    0.0
2025-06-22    0.0
2025-06-23    0.0
2025-06-24    0.0
Name: DFEDTARU, Length: 3650, dtype: float64","2015-06-28    NaN
2015-06-29    NaN
2015-06-30    NaN
2015-07-01    NaN
2015-07-02    0.0
             ... 
2025-06-20    0.0
2025-06-21    0.0
2025-06-22    0.0
2025-06-23    0.0
2025-06-24    0.0
Name: DFEDTARU, Length: 3650, dtype: float64","2015-06-28    0.25
2015-06-29    0.25
2015-06-30    0.25
2015-07-01    0.25
2015-07-02    0.25
              ... 
2025-06-20    4.50
2025-06-21    4.50
2025-06-22    4.50
2025-06-23    4.50
2025-06-24    4.50
Name: DFEDTARU, Length: 3650, dtype: float64"
SP500,6092.18,1.1121677894565751,1.861100475348909,1.9275653048283603,2.5740407118683972,0.062377011983087545,-1.4621081809516498,True,True,Neutral,"2015-06-29         NaN
2015-06-30         NaN
2015-07-01         NaN
2015-07-02    0.930192
2015-07-06    0.273858
                ...   
2025-06-17   -1.034530
2025-06-18    0.065250
2025-06-20   -1.081863
2025-06-23    0.709543
2025-06-24    1.861100
Name: SP500, Length: 2512, dtype: float64","2015-06-29         NaN
2015-06-30         NaN
2015-07-01         NaN
2015-07-02         NaN
2015-07-06   -0.656333
                ...   
2025-06-17   -1.215027
2025-06-18    1.099780
2025-06-20   -1.147114
2025-06-23    1.791407
2025-06-24    1.151557
Name: SP500, Length: 2512, dtype: float64","2015-06-29    2057.64
2015-06-30    2063.11
2015-07-01    2077.42
2015-07-02    2076.78
2015-07-06    2068.76
               ...   
2025-06-17    5982.72
2025-06-18    5980.87
2025-06-20    5967.84
2025-06-23    6025.17
2025-06-24    6092.18
Name: SP500, Length: 2512, dtype: float64"
VIXCLS,19.83,-3.8312318137730506,-1.539225422045687,-4.755043227665712,7.3051948051948035,-0.39133217008895127,0.045090988398029226,False,True,Neutral,"2015-06-29          NaN
2015-06-30          NaN
2015-07-01          NaN
2015-07-02   -10.928382
2015-07-06    -6.692265
                ...    
2025-06-17    19.866815
2025-06-18    -3.266090
2025-06-19    16.012559
2025-06-20    -4.537037
2025-06-23    -1.539225
Name: VIXCLS, Length: 2535, dtype: float64","2015-06-29          NaN
2015-06-30          NaN
2015-07-01          NaN
2015-07-02          NaN
2015-07-06     4.236116
                ...    
2025-06-17     9.148391
2025-06-18   -23.132905
2025-06-19    19.278649
2025-06-20   -20.549596
2025-06-23     2.997812
Name: VIXCLS, Length: 2535, dtype: float64","2015-06-29    18.85
2015-06-30    18.23
2015-07-01    16.09
2015-07-02    16.79
2015-07-06    17.01
              ...  
2025-06-17    21.60
2025-06-18    20.14
2025-06-19    22.17
2025-06-20    20.62
2025-06-23    19.83
Name: VIXCLS, Length: 2535, dtype: float64"
DEXUSEU,1.152,-0.00867980210050856,-0.5267248078749676,0.26109660574411553,1.2925349512002082,-0.011681727525357153,0.0012165492533388843,True,True,Bull,"2015-06-29         NaN
2015-06-30         NaN
2015-07-01         NaN
2015-07-02   -0.805009
2015-07-06   -0.699301
                ...   
2025-06-13    1.173072
2025-06-16    0.791993
2025-06-17   -0.371394
2025-06-18   -0.311500
2025-06-20   -0.526725
Name: DEXUSEU, Length: 2493, dtype: float64","2015-06-29         NaN
2015-06-30         NaN
2015-07-01         NaN
2015-07-02         NaN
2015-07-06    0.105708
                ...   
2025-06-13   -0.166097
2025-06-16   -0.381079
2025-06-17   -1.163387
2025-06-18    0.059894
2025-06-20   -0.215225
Name: DEXUSEU, Length: 2493, dtype: float64","2015-06-29    1.1180
2015-06-30    1.1154
2015-07-01    1.1084
2015-07-02    1.1090
2015-07-06    1.1076
               ...  
2025-06-13    1.1557
2025-06-16    1.1581
2025-06-17    1.1535
2025-06-18    1.1521
2025-06-20    1.1520
Name: DEXUSEU, Length: 2493, dtype: float64"
DCOILWTICO,72.53,-1.7741061755146337,5.2532288492236345,11.071975497702912,17.628932857606227,0.05009593710371694,-0.12698690864328965,True,True,Neutral,"2015-06-29          NaN
2015-06-30          NaN
2015-07-01          NaN
2015-07-02    -2.416867
2015-07-06   -11.768662
                ...    
2025-06-10     2.497658
2025-06-11     5.528331
2025-06-12     4.152144
2025-06-13    12.458118
2025-06-16     5.253229
Name: DCOILWTICO, Length: 2496, dtype: float64","2015-06-29         NaN
2015-06-30         NaN
2015-07-01         NaN
2015-07-02         NaN
2015-07-06   -9.351795
                ...   
2025-06-10   -1.309169
2025-06-11    3.030672
2025-06-12   -1.376187
2025-06-13    8.305973
2025-06-16   -7.204889
Name: DCOILWTICO, Length: 2496, dtype: float64","2015-06-29    58.34
2015-06-30    59.48
2015-07-01    56.94
2015-07-02    56.93
2015-07-06    52.48
              ...  
2025-06-10    65.66
2025-06-11    68.91
2025-06-12    68.73
2025-06-13    73.84
2025-06-16    72.53
Name: DCOILWTICO, Length: 2496, dtype: float64"
M2SL,21942.0,0.3640954332552626,1.5198834062044586,2.416893046181423,4.500642948992706,0.2121010519444614,103.46285714285716,True,False,Neutral,"2015-06-01         NaN
2015-07-01         NaN
2015-08-01         NaN
2015-09-01    1.242753
2015-10-01    1.302161
                ...   
2025-01-01    0.922000
2025-02-01    0.883580
2025-03-01    1.233566
2025-04-01    1.592022
2025-05-01    1.519883
Name: M2SL, Length: 120, dtype: float64","2015-06-01         NaN
2015-07-01         NaN
2015-08-01         NaN
2015-09-01         NaN
2015-10-01    0.059408
                ...   
2025-01-01    0.123298
2025-02-01   -0.038420
2025-03-01    0.349986
2025-04-01    0.358456
2025-05-01   -0.072139
Name: M2SL, Length: 120, dtype: float64","2015-06-01    12005.6
2015-07-01    12049.2
2015-08-01    12093.7
2015-09-01    12154.8
2015-10-01    12206.1
               ...   
2025-01-01    21519.8
2025-02-01    21613.5
2025-03-01    21706.4
2025-04-01    21862.4
2025-05-01    21942.0
Name: M2SL, Length: 120, dtype: float64"
TOTBKCR,18436.8599,0.2111102195900605,0.2325889975465012,0.3949526172463802,1.6540245011162913,-0.012546946570416136,24.657465608695603,True,True,Bull,"2015-07-01         NaN
2015-07-08         NaN
2015-07-15         NaN
2015-07-22    0.141410
2015-07-29    0.246831
                ...   
2025-05-14    0.349497
2025-05-21    0.161987
2025-05-28    0.145731
2025-06-04    0.130882
2025-06-11    0.232589
Name: TOTBKCR, Length: 520, dtype: float64","2015-07-01         NaN
2015-07-08         NaN
2015-07-15         NaN
2015-07-22         NaN
2015-07-29    0.105421
                ...   
2025-05-14    0.061423
2025-05-21   -0.187511
2025-05-28   -0.016256
2025-06-04   -0.014849
2025-06-11    0.101707
Name: TOTBKCR, Length: 520, dtype: float64","2015-07-01    11000.6647
2015-07-08    10989.4186
2015-07-15    11007.3019
2015-07-22    11016.2207
2015-07-29    11016.5439
                 ...    
2025-05-14    18373.9716
2025-05-21    18394.0773
2025-05-28    18392.6851
2025-06-04    18398.0198
2025-06-11    18436.8599
Name: TOTBKCR, Length: 520, dtype: float64"
BUSLOANS,2814.6927,0.21209187507718053,1.1429502835851313,0.9655331680546331,2.1482692851221286,0.439454174803892,6.674511428571427,True,False,Neutral,"2015-06-01         NaN
2015-07-01         NaN
2015-08-01         NaN
2015-09-01    1.876579
2015-10-01    2.146440
                ...   
2025-01-01   -0.227628
2025-02-01   -0.175412
2025-03-01    0.122487
2025-04-01    1.038456
2025-05-01    1.142950
Name: BUSLOANS, Length: 120, dtype: float64","2015-06-01         NaN
2015-07-01         NaN
2015-08-01         NaN
2015-09-01         NaN
2015-10-01    0.269861
                ...   
2025-01-01   -0.581560
2025-02-01    0.052216
2025-03-01    0.297899
2025-04-01    0.915969
2025-05-01    0.104494
Name: BUSLOANS, Length: 120, dtype: float64","2015-06-01    1880.0327
2015-07-01    1889.6077
2015-08-01    1903.5328
2015-09-01    1915.3130
2015-10-01    1930.1670
                ...    
2025-01-01    2779.8679
2025-02-01    2782.8857
2025-03-01    2790.1600
2025-04-01    2808.7356
2025-05-01    2814.6927
Name: BUSLOANS, Length: 120, dtype: float64"
ICSA,245000.0,-2.0000000000000018,2.5104602510460206,6.986899563318771,8.888888888888879,0.3912892931036541,1223.9130434782608,True,True,Bull,"2015-07-04          NaN
2015-07-11          NaN
2015-07-18          NaN
2015-07-25    -7.876712
2015-08-01    -5.263158
                ...    
2025-05-17    -6.224066
2025-05-24     4.366812
2025-05-31     8.771930
2025-06-07    10.619469
2025-06-14     2.510460
Name: ICSA, Length: 520, dtype: float64","2015-07-04          NaN
2015-07-11          NaN
2015-07-18          NaN
2015-07-25          NaN
2015-08-01     2.613554
                ...    
2025-05-17    -8.466219
2025-05-24    10.590879
2025-05-31     4.405118
2025-06-07     1.847539
2025-06-14    -8.109009
Name: ICSA, Length: 520, dtype: float64","2015-07-04    292000.0
2015-07-11    285000.0
2015-07-18    265000.0
2015-07-25    269000.0
2015-08-01    270000.0
                ...   
2025-05-17    226000.0
2025-05-24    239000.0
2025-05-31    248000.0
2025-06-07    250000.0
2025-06-14    245000.0
Name: ICSA, Length: 520, dtype: float64"
HOUST,1256.0,-9.77011494252874,-15.704697986577177,-3.011583011583008,-4.559270516717328,-10.254204348164075,-37.800000000000004,False,False,Neutral,"2015-06-01          NaN
2015-07-01          NaN
2015-08-01          NaN
2015-09-01     1.576763
2015-10-01    -7.678883
                ...    
2025-01-01     0.443787
2025-02-01    15.057915
2025-03-01   -10.501982
2025-04-01     2.503682
2025-05-01   -15.704698
Name: HOUST, Length: 120, dtype: float64","2015-06-01          NaN
2015-07-01          NaN
2015-08-01          NaN
2015-09-01          NaN
2015-10-01    -9.255647
                ...    
2025-01-01   -11.125852
2025-02-01    14.614128
2025-03-01   -25.559897
2025-04-01    13.005663
2025-05-01   -18.208380
Name: HOUST, Length: 120, dtype: float64","2015-06-01    1205.0
2015-07-01    1146.0
2015-08-01    1130.0
2015-09-01    1224.0
2015-10-01    1058.0
               ...  
2025-01-01    1358.0
2025-02-01    1490.0
2025-03-01    1355.0
2025-04-01    1392.0
2025-05-01    1256.0
Name: HOUST, Length: 120, dtype: float64"
INDPRO,103.5948,-0.21845165167941882,-0.38990272143444304,1.6130408640288474,0.5973021867416772,-0.8002288024035797,0.1474400000000011,True,False,Neutral,"2015-06-01         NaN
2015-07-01         NaN
2015-08-01         NaN
2015-09-01    0.173404
2015-10-01   -0.922946
                ...   
2025-01-01    0.704895
2025-02-01    2.010784
2025-03-01    0.682810
2025-04-01    0.862006
2025-05-01   -0.389903
Name: INDPRO, Length: 120, dtype: float64","2015-06-01         NaN
2015-07-01         NaN
2015-08-01         NaN
2015-09-01         NaN
2015-10-01   -1.096351
                ...   
2025-01-01    0.266961
2025-02-01    1.305889
2025-03-01   -1.327973
2025-04-01    0.179196
2025-05-01   -1.251909
Name: INDPRO, Length: 120, dtype: float64","2015-06-01    100.4588
2015-07-01    101.0893
2015-08-01    100.9165
2015-09-01    100.6330
2015-10-01    100.1563
                ...   
2025-01-01    102.9343
2025-02-01    104.0003
2025-03-01    103.7483
2025-04-01    103.8216
2025-05-01    103.5948
Name: INDPRO, Length: 120, dtype: float64"
UMCSENT,52.2,-8.42105263157894,-27.19665271966527,-25.957446808510632,-32.38341968911917,-9.632926793079912,-4.457142857142856,False,False,Neutral,"2015-06-01          NaN
2015-07-01          NaN
2015-08-01          NaN
2015-09-01    -9.261186
2015-10-01    -3.329753
                ...    
2024-12-01     5.563481
2025-01-01     1.702128
2025-02-01    -9.888579
2025-03-01   -22.972973
2025-04-01   -27.196653
Name: UMCSENT, Length: 119, dtype: float64","2015-06-01          NaN
2015-07-01          NaN
2015-08-01          NaN
2015-09-01          NaN
2015-10-01     5.931433
                ...    
2024-12-01    -0.180260
2025-01-01    -3.861353
2025-02-01   -11.590707
2025-03-01   -13.084394
2025-04-01    -4.223680
Name: UMCSENT, Length: 119, dtype: float64","2015-06-01    96.1
2015-07-01    93.1
2015-08-01    91.9
2015-09-01    87.2
2015-10-01    90.0
              ... 
2024-12-01    74.0
2025-01-01    71.7
2025-02-01    64.7
2025-03-01    57.0
2025-04-01    52.2
Name: UMCSENT, Length: 119, dtype: float64"
PERMIT,1393.0,-2.0393811533052086,-4.195323246217331,-7.625994694960214,-0.995024875621886,-0.20480712981780055,-14.914285714285715,False,False,Neutral,"2015-06-01          NaN
2015-07-01          NaN
2015-08-01          NaN
2015-09-01   -17.041334
2015-10-01     1.754386
                ...    
2025-01-01     2.240896
2025-02-01    -3.580902
2025-03-01     0.067568
2025-04-01    -2.602740
2025-05-01    -4.195323
Name: PERMIT, Length: 120, dtype: float64","2015-06-01          NaN
2015-07-01          NaN
2015-08-01          NaN
2015-09-01          NaN
2015-10-01    18.795720
                ...    
2025-01-01    -0.966914
2025-02-01    -5.821798
2025-03-01     3.648469
2025-04-01    -2.670307
2025-05-01    -1.592584
Name: PERMIT, Length: 120, dtype: float64","2015-06-01    1379.0
2015-07-01    1140.0
2015-08-01    1165.0
2015-09-01    1144.0
2015-10-01    1160.0
               ...  
2025-01-01    1460.0
2025-02-01    1454.0
2025-03-01    1481.0
2025-04-01    1422.0
2025-05-01    1393.0
Name: PERMIT, Length: 120, dtype: float64"
USREC,0.0,,,,,,0.0,False,False,Neutral,"2015-06-01   NaN
2015-07-01   NaN
2015-08-01   NaN
2015-09-01   NaN
2015-10-01   NaN
              ..
2025-01-01   NaN
2025-02-01   NaN
2025-03-01   NaN
2025-04-01   NaN
2025-05-01   NaN
Name: USREC, Length: 120, dtype: float64","2015-06-01   NaN
2015-07-01   NaN
2015-08-01   NaN
2015-09-01   NaN
2015-10-01   NaN
              ..
2025-01-01   NaN
2025-02-01   NaN
2025-03-01   NaN
2025-04-01   NaN
2025-05-01   NaN
Name: USREC, Length: 120, dtype: float64","2015-06-01    0.0
2015-07-01    0.0
2015-08-01    0.0
2015-09-01    0.0
2015-10-01    0.0
             ... 
2025-01-01    0.0
2025-02-01    0.0
2025-03-01    0.0
2025-04-01    0.0
2025-05-01    0.0
Name: USREC, Length: 120, dtype: float64"
NFCI,-0.5237,2.714470638998945,10.80080397757326,27.71924690274121,21.339202965709013,1.9765842908690452,0.002062826086956522,False,False,Bear,"2015-07-03          NaN
2015-07-10          NaN
2015-07-17          NaN
2015-07-24    -3.713617
2015-07-31    -5.560350
                ...    
2025-05-16    14.203023
2025-05-23    15.269242
2025-05-30    14.454833
2025-06-06    12.848321
2025-06-13    10.800804
Name: NFCI, Length: 520, dtype: float64","2015-07-03         NaN
2015-07-10         NaN
2015-07-17         NaN
2015-07-24         NaN
2015-07-31   -1.846733
                ...   
2025-05-16    3.633667
2025-05-23    1.066219
2025-05-30   -0.814409
2025-06-06   -1.606512
2025-06-13   -2.047517
Name: NFCI, Length: 520, dtype: float64","2015-07-03   -0.53802
2015-07-10   -0.53306
2015-07-17   -0.52770
2015-07-24   -0.51804
2015-07-31   -0.50342
               ...   
2025-05-16   -0.45181
2025-05-23   -0.47265
2025-05-30   -0.49211
2025-06-06   -0.50986
2025-06-13   -0.52370
Name: NFCI, Length: 520, dtype: float64"
